/*Poblar OK*/

/*
---Poblado de propietarios
INSERT INTO Propietarios (correo,nombre,telefonoDeContacto,fechaDeAsociacion) VALUES ('sit.amet@montes.edu','Ishmael Dean','16991006 5607','2017-05-13 05:35:22');
INSERT INTO Propietarios (correo,nombre,telefonoDeContacto,fechaDeAsociacion) VALUES ('vitae@inconsequat.co.uk','Steel Rogers','16340110 6327','2019-03-06 11:00:28');
INSERT INTO Propietarios (correo,nombre,telefonoDeContacto,fechaDeAsociacion) VALUES ('orci@loremvitaeodio.ca','Geraldine Kline','16580924 5821','2017-11-26 10:22:25');
INSERT INTO Propietarios (correo,nombre,telefonoDeContacto,fechaDeAsociacion) VALUES ('dui@nuncacmattis.edu','Uriah Spears','16900723 4405','2017-06-06 23:12:14');
INSERT INTO Propietarios (correo,nombre,telefonoDeContacto,fechaDeAsociacion) VALUES ('ut.nisi.a@rutrummagna.co.uk','Burke Ryan','16540427 9191','2018-08-17 19:09:55');
INSERT INTO Propietarios (correo,nombre,telefonoDeContacto,fechaDeAsociacion) VALUES ('ante.dictum@purus.net','Keith Wells','16840227 5138','2018-11-15 17:55:24');
INSERT INTO Propietarios (correo,nombre,telefonoDeContacto,fechaDeAsociacion) VALUES ('Duis@sagittisfelis.edu','Tallulah Morin','16291017 3448','2019-02-19 23:41:10');
INSERT INTO Propietarios (correo,nombre,telefonoDeContacto,fechaDeAsociacion) VALUES ('a.scelerisque@senectuset.ca','Allegra Knight','16100805 2324','2018-05-27 00:33:14');
INSERT INTO Propietarios (correo,nombre,telefonoDeContacto,fechaDeAsociacion) VALUES ('Duis.dignissim@cubiliaCurae.ca','Juliet Snow','16220818 9064','2018-11-14 18:43:10');
INSERT INTO Propietarios (correo,nombre,telefonoDeContacto,fechaDeAsociacion) VALUES ('tincidunt@Nunc.com','Victor Lamb','16700606 2520','2019-01-12 02:01:04');
INSERT INTO Propietarios (correo,nombre,telefonoDeContacto,fechaDeAsociacion) VALUES ('Lorem.ipsum.dolor@feugiattelluslorem.co.uk','Amery Levy','16230905 5370','2018-09-08 15:53:06');
INSERT INTO Propietarios (correo,nombre,telefonoDeContacto,fechaDeAsociacion) VALUES ('amet.diam@rhoncusProinnisl.ca','Gage Blake','16540811 1085','2018-07-21 03:53:18');
INSERT INTO Propietarios (correo,nombre,telefonoDeContacto,fechaDeAsociacion) VALUES ('natoque@acfacilisis.com','Porter Riley','16350713 5295','2018-08-19 14:28:19');
INSERT INTO Propietarios (correo,nombre,telefonoDeContacto,fechaDeAsociacion) VALUES ('Quisque@maurissapien.org','Anne Richards','16660414 4847','2017-05-20 12:21:46');
INSERT INTO Propietarios (correo,nombre,telefonoDeContacto,fechaDeAsociacion) VALUES ('risus.Quisque@pretiumetrutrum.org','Aaron Church','16520809 1594','2018-08-02 12:10:44');
INSERT INTO Propietarios (correo,nombre,telefonoDeContacto,fechaDeAsociacion) VALUES ('aliquam@aodiosemper.edu','Dana Vazquez','16521215 4339','2019-01-25 02:22:20');
INSERT INTO Propietarios (correo,nombre,telefonoDeContacto,fechaDeAsociacion) VALUES ('in.tempus@iaculisodio.edu','Carl Patel','16660617 0949','2017-09-25 16:05:40');
INSERT INTO Propietarios (correo,nombre,telefonoDeContacto,fechaDeAsociacion) VALUES ('nec.enim.Nunc@neceuismod.edu','Yasir Nunez','16070622 9325','2018-11-27 07:15:34');
INSERT INTO Propietarios (correo,nombre,telefonoDeContacto,fechaDeAsociacion) VALUES ('velit@erosturpisnon.edu','Chadwick Flowers','16711001 6578','2017-06-02 12:39:02');
INSERT INTO Propietarios (correo,nombre,telefonoDeContacto,fechaDeAsociacion) VALUES ('lectus.rutrum.urna@Maurisquisturpis.edu','Nelle Merritt','16600520 5999','2019-02-15 23:34:10');
INSERT INTO Propietarios (correo,nombre,telefonoDeContacto,fechaDeAsociacion) VALUES ('ac@lorem.org','Mercedes Villarreal','16521027 7421','2017-04-29 13:42:33');
INSERT INTO Propietarios (correo,nombre,telefonoDeContacto,fechaDeAsociacion) VALUES ('tortor@quamCurabitur.com','Rama Blevins','16271017 5890','2019-04-09 01:45:56');
INSERT INTO Propietarios (correo,nombre,telefonoDeContacto,fechaDeAsociacion) VALUES ('eros.Nam.consequat@lobortisultrices.org','Leandra Nguyen','16360328 1274','2019-02-08 19:10:04');
INSERT INTO Propietarios (correo,nombre,telefonoDeContacto,fechaDeAsociacion) VALUES ('luctus@consequatauctor.edu','Kenneth Chen','16820403 2703','2018-03-09 03:14:11');
INSERT INTO Propietarios (correo,nombre,telefonoDeContacto,fechaDeAsociacion) VALUES ('Suspendisse.non@leoin.org','Aline Glenn','16520402 5455','2018-11-01 01:10:45');
INSERT INTO Propietarios (correo,nombre,telefonoDeContacto,fechaDeAsociacion) VALUES ('sit.amet@posuerecubilia.edu','Xavier Cash','16721126 4044','2017-10-04 03:11:54');
INSERT INTO Propietarios (correo,nombre,telefonoDeContacto,fechaDeAsociacion) VALUES ('tristique@Vivamusnisi.com','Justine Gilmore','16840129 3868','2019-02-11 23:50:45');
INSERT INTO Propietarios (correo,nombre,telefonoDeContacto,fechaDeAsociacion) VALUES ('sed@vitaepurus.com','Alden Carey','16100719 6155','2017-09-07 05:02:33');
INSERT INTO Propietarios (correo,nombre,telefonoDeContacto,fechaDeAsociacion) VALUES ('Morbi.metus@mauriseu.edu','Jermaine Washington','16980109 3841','2018-12-09 00:28:20');
INSERT INTO Propietarios (correo,nombre,telefonoDeContacto,fechaDeAsociacion) VALUES ('non.lorem.vitae@Vivamuseuismod.net','Wylie Le','16591211 3593','2018-06-04 00:33:43');
INSERT INTO Propietarios (correo,nombre,telefonoDeContacto,fechaDeAsociacion) VALUES ('magna@Proindolor.com','Macy Diaz','16091205 2701','2019-02-05 19:50:04');
INSERT INTO Propietarios (correo,nombre,telefonoDeContacto,fechaDeAsociacion) VALUES ('sem.consequat@pretiumet.net','Caldwell Cantu','16530929 2943','2019-03-26 17:33:13');
INSERT INTO Propietarios (correo,nombre,telefonoDeContacto,fechaDeAsociacion) VALUES ('vel.lectus@ligulaAliquam.edu','Mara Petersen','16100605 6525','2019-03-06 08:24:20');
INSERT INTO Propietarios (correo,nombre,telefonoDeContacto,fechaDeAsociacion) VALUES ('lorem.ut@risus.net','Petra Donovan','16460218 7074','2017-07-24 11:04:55');
INSERT INTO Propietarios (correo,nombre,telefonoDeContacto,fechaDeAsociacion) VALUES ('lacus.Mauris.non@ac.co.uk','Lyle Barber','16910609 4502','2018-01-06 13:16:18');
INSERT INTO Propietarios (correo,nombre,telefonoDeContacto,fechaDeAsociacion) VALUES ('Suspendisse.aliquet.molestie@gravida.edu','Denton Odonnell','16000715 2994','2018-06-15 08:51:07');
INSERT INTO Propietarios (correo,nombre,telefonoDeContacto,fechaDeAsociacion) VALUES ('Nunc.mauris.elit@velvenenatisvel.net','Felix Cunningham','16960508 3469','2017-04-19 10:32:35');
INSERT INTO Propietarios (correo,nombre,telefonoDeContacto,fechaDeAsociacion) VALUES ('orci@nondapibusrutrum.ca','Cody Rivera','16331003 8504','2018-12-10 16:20:16');
INSERT INTO Propietarios (correo,nombre,telefonoDeContacto,fechaDeAsociacion) VALUES ('metus.Vivamus@Donecsollicitudinadipiscing.edu','Clio Copeland','16590329 1580','2019-04-07 22:32:31');
INSERT INTO Propietarios (correo,nombre,telefonoDeContacto,fechaDeAsociacion) VALUES ('enim@consequatpurusMaecenas.co.uk','Rafael Neal','16611119 3303','2019-02-24 10:07:06');
INSERT INTO Propietarios (correo,nombre,telefonoDeContacto,fechaDeAsociacion) VALUES ('ligula.Aenean.gravida@vitaeorci.com','Heidi Ruiz','16810330 0367','2019-02-09 23:43:08');
INSERT INTO Propietarios (correo,nombre,telefonoDeContacto,fechaDeAsociacion) VALUES ('Proin.vel.nisl@eget.org','Alea Levy','16470414 5939','2017-08-29 14:44:40');
INSERT INTO Propietarios (correo,nombre,telefonoDeContacto,fechaDeAsociacion) VALUES ('enim.diam@Integer.com','Francis Burgess','16381115 3356','2017-12-21 17:46:14');
INSERT INTO Propietarios (correo,nombre,telefonoDeContacto,fechaDeAsociacion) VALUES ('Aliquam.auctor.velit@Duis.org','Stewart Casey','16600515 4908','2018-05-22 03:44:26');
INSERT INTO Propietarios (correo,nombre,telefonoDeContacto,fechaDeAsociacion) VALUES ('posuere.cubilia@luctus.com','Kareem James','16580507 2765','2018-01-23 20:50:46');
INSERT INTO Propietarios (correo,nombre,telefonoDeContacto,fechaDeAsociacion) VALUES ('Fusce.fermentum.fermentum@ac.edu','Salvador Horn','16450320 8177','2017-05-30 14:46:34');
INSERT INTO Propietarios (correo,nombre,telefonoDeContacto,fechaDeAsociacion) VALUES ('enim.Suspendisse@lacus.edu','Solomon Mcclure','16590905 2309','2018-12-18 09:26:08');
INSERT INTO Propietarios (correo,nombre,telefonoDeContacto,fechaDeAsociacion) VALUES ('molestie.tellus.Aenean@habitantmorbitristique.org','Delilah Wolf','16410109 8889','2017-04-26 13:08:04');
INSERT INTO Propietarios (correo,nombre,telefonoDeContacto,fechaDeAsociacion) VALUES ('molestie.arcu.Sed@Etiambibendum.org','Sacha Sloan','16140517 5702','2017-11-18 22:27:47');
INSERT INTO Propietarios (correo,nombre,telefonoDeContacto,fechaDeAsociacion) VALUES ('et@faucibusid.ca','Maryam Vega','16080316 7253','2017-11-09 21:34:12');
INSERT INTO Propietarios (correo,nombre,telefonoDeContacto,fechaDeAsociacion) VALUES ('Curabitur@egetipsumDonec.org','Brennan Potter','16441015 2229','2019-01-20 14:57:40');
INSERT INTO Propietarios (correo,nombre,telefonoDeContacto,fechaDeAsociacion) VALUES ('tortor@quamdignissim.net','Aurelia Jensen','16490402 6962','2018-06-25 10:41:19');
INSERT INTO Propietarios (correo,nombre,telefonoDeContacto,fechaDeAsociacion) VALUES ('augue.id@nuncrisusvarius.net','Alexander Mcclain','16970402 3556','2017-11-05 20:29:41');
INSERT INTO Propietarios (correo,nombre,telefonoDeContacto,fechaDeAsociacion) VALUES ('turpis.egestas@ultrices.net','Fritz Daniels','16671018 0503','2017-05-05 01:22:54');
INSERT INTO Propietarios (correo,nombre,telefonoDeContacto,fechaDeAsociacion) VALUES ('nisi@quamafelis.co.uk','Chase Baldwin','16480203 7087','2019-02-08 05:00:16');
INSERT INTO Propietarios (correo,nombre,telefonoDeContacto,fechaDeAsociacion) VALUES ('at.arcu@etipsum.co.uk','Nina Mills','16551209 5992','2018-04-12 04:30:48');
INSERT INTO Propietarios (correo,nombre,telefonoDeContacto,fechaDeAsociacion) VALUES ('dictum.eleifend@eget.org','Yael Sandoval','16340328 9766','2018-11-30 02:37:18');
INSERT INTO Propietarios (correo,nombre,telefonoDeContacto,fechaDeAsociacion) VALUES ('Aliquam.nec@esttempor.edu','Jaden Maldonado','16871017 7562','2019-02-03 06:06:56');
INSERT INTO Propietarios (correo,nombre,telefonoDeContacto,fechaDeAsociacion) VALUES ('elit.pede@dolor.net','Jared Park','16850405 2005','2018-01-28 18:15:15');
INSERT INTO Propietarios (correo,nombre,telefonoDeContacto,fechaDeAsociacion) VALUES ('elementum@necleoMorbi.ca','Jena Fields','16700229 3129','2018-05-31 21:09:12');
INSERT INTO Propietarios (correo,nombre,telefonoDeContacto,fechaDeAsociacion) VALUES ('aliquet.lobortis@nonummyacfeugiat.edu','Amal Griffith','16440808 2537','2019-03-22 21:31:08');
INSERT INTO Propietarios (correo,nombre,telefonoDeContacto,fechaDeAsociacion) VALUES ('mi@Morbi.co.uk','Ruby Molina','16771029 4203','2017-07-18 18:51:09');
INSERT INTO Propietarios (correo,nombre,telefonoDeContacto,fechaDeAsociacion) VALUES ('fames.ac.turpis@libero.edu','Piper Massey','16881001 0184','2017-05-25 23:25:22');
INSERT INTO Propietarios (correo,nombre,telefonoDeContacto,fechaDeAsociacion) VALUES ('facilisis.Suspendisse@fermentum.edu','Nina Ferguson','16660730 0362','2017-09-18 11:34:22');
INSERT INTO Propietarios (correo,nombre,telefonoDeContacto,fechaDeAsociacion) VALUES ('lobortis.augue.scelerisque@convallisin.ca','Emmanuel Hampton','16080312 8172','2019-03-29 00:09:15');
INSERT INTO Propietarios (correo,nombre,telefonoDeContacto,fechaDeAsociacion) VALUES ('pharetra.nibh@diam.co.uk','Benedict Wilkinson','16010924 0747','2018-07-25 15:27:14');
INSERT INTO Propietarios (correo,nombre,telefonoDeContacto,fechaDeAsociacion) VALUES ('consequat.lectus@orcilacusvestibulum.ca','Kennedy Delaney','16540429 0966','2018-05-31 19:01:50');
INSERT INTO Propietarios (correo,nombre,telefonoDeContacto,fechaDeAsociacion) VALUES ('lobortis.quam@odioauctorvitae.com','Lucius Mooney','16881022 6236','2019-01-22 12:51:39');
INSERT INTO Propietarios (correo,nombre,telefonoDeContacto,fechaDeAsociacion) VALUES ('lacus@Cumsociisnatoque.net','Marvin Shannon','16930628 6346','2018-02-21 03:37:09');
INSERT INTO Propietarios (correo,nombre,telefonoDeContacto,fechaDeAsociacion) VALUES ('nec.tellus.Nunc@nonlorem.org','Octavius Harrell','16200417 3916','2018-06-04 13:01:25');
INSERT INTO Propietarios (correo,nombre,telefonoDeContacto,fechaDeAsociacion) VALUES ('nunc.id@mattisvelit.edu','Burke Irwin','16991022 9708','2017-06-14 20:07:33');
INSERT INTO Propietarios (correo,nombre,telefonoDeContacto,fechaDeAsociacion) VALUES ('nec@tincidunt.edu','Jack Holloway','16150710 0202','2019-04-06 04:26:35');
INSERT INTO Propietarios (correo,nombre,telefonoDeContacto,fechaDeAsociacion) VALUES ('porta@adipiscingnon.net','Shaeleigh Mcintyre','16390626 8242','2017-05-09 23:00:07');
INSERT INTO Propietarios (correo,nombre,telefonoDeContacto,fechaDeAsociacion) VALUES ('nec.ante@dapibusgravida.ca','Damian Swanson','16830709 3347','2018-11-29 22:36:33');
INSERT INTO Propietarios (correo,nombre,telefonoDeContacto,fechaDeAsociacion) VALUES ('nunc.risus@veliteu.ca','Ruth Medina','16031009 3695','2018-04-18 18:30:04');
INSERT INTO Propietarios (correo,nombre,telefonoDeContacto,fechaDeAsociacion) VALUES ('semper.rutrum@at.net','Ashton Joseph','16960903 2538','2018-06-09 17:56:01');
INSERT INTO Propietarios (correo,nombre,telefonoDeContacto,fechaDeAsociacion) VALUES ('tellus.justo@hendreritconsectetuercursus.co.uk','Jemima Snider','16470814 7840','2019-04-02 10:50:12');
INSERT INTO Propietarios (correo,nombre,telefonoDeContacto,fechaDeAsociacion) VALUES ('dolor.Fusce.mi@urnaetarcu.org','Ulla Velez','16840922 3990','2018-02-24 14:11:54');
INSERT INTO Propietarios (correo,nombre,telefonoDeContacto,fechaDeAsociacion) VALUES ('a@sitamet.org','Neville Newman','16940915 8632','2018-05-20 16:00:46');
INSERT INTO Propietarios (correo,nombre,telefonoDeContacto,fechaDeAsociacion) VALUES ('porttitor@orci.com','Alyssa Fields','16130929 9053','2018-07-02 20:46:46');
INSERT INTO Propietarios (correo,nombre,telefonoDeContacto,fechaDeAsociacion) VALUES ('vitae.aliquam@faucibus.edu','Scarlet Rodgers','16770329 6173','2019-03-08 11:18:21');
INSERT INTO Propietarios (correo,nombre,telefonoDeContacto,fechaDeAsociacion) VALUES ('et@nasceturridiculus.edu','Kyla Porter','16120716 7022','2017-12-20 07:14:15');
INSERT INTO Propietarios (correo,nombre,telefonoDeContacto,fechaDeAsociacion) VALUES ('molestie.in.tempus@elementumsemvitae.edu','Lydia Watkins','16650625 1401','2017-09-30 16:03:47');
INSERT INTO Propietarios (correo,nombre,telefonoDeContacto,fechaDeAsociacion) VALUES ('sed.dolor.Fusce@auctor.com','Vielka Cohen','16840812 9099','2017-08-16 14:30:04');
INSERT INTO Propietarios (correo,nombre,telefonoDeContacto,fechaDeAsociacion) VALUES ('faucibus.id.libero@dignissimpharetraNam.org','Germaine Johnson','16570714 1437','2017-12-25 13:05:01');
INSERT INTO Propietarios (correo,nombre,telefonoDeContacto,fechaDeAsociacion) VALUES ('Suspendisse.ac.metus@lobortisnisinibh.org','Hall Crane','16230313 9352','2017-06-15 02:12:22');
INSERT INTO Propietarios (correo,nombre,telefonoDeContacto,fechaDeAsociacion) VALUES ('erat@quamPellentesquehabitant.org','Sylvester Hurst','16770107 7203','2017-09-09 04:39:25');
INSERT INTO Propietarios (correo,nombre,telefonoDeContacto,fechaDeAsociacion) VALUES ('justo.Proin@loremac.edu','Leroy Hall','16590109 6809','2017-06-05 13:56:59');
INSERT INTO Propietarios (correo,nombre,telefonoDeContacto,fechaDeAsociacion) VALUES ('augue.eu.tellus@dui.org','Chase Duke','16010601 1927','2017-10-11 16:41:55');
INSERT INTO Propietarios (correo,nombre,telefonoDeContacto,fechaDeAsociacion) VALUES ('litora.torquent@Pellentesquehabitant.edu','Quin Christian','16080813 1015','2019-02-09 22:21:28');
INSERT INTO Propietarios (correo,nombre,telefonoDeContacto,fechaDeAsociacion) VALUES ('Vestibulum@necorciDonec.org','Cameron Hanson','16911004 0335','2017-11-17 05:03:04');
INSERT INTO Propietarios (correo,nombre,telefonoDeContacto,fechaDeAsociacion) VALUES ('a.mi@magnaPraesent.org','Francis Cline','16820412 6885','2017-11-03 01:32:18');
INSERT INTO Propietarios (correo,nombre,telefonoDeContacto,fechaDeAsociacion) VALUES ('mollis@tellusNunclectus.net','Madeson Horn','16300105 6922','2018-12-07 04:50:22');
INSERT INTO Propietarios (correo,nombre,telefonoDeContacto,fechaDeAsociacion) VALUES ('Integer.eu.lacus@CrasinterdumNunc.ca','Nasim Mcgee','16440110 8420','2018-04-30 17:06:48');
INSERT INTO Propietarios (correo,nombre,telefonoDeContacto,fechaDeAsociacion) VALUES ('aliquam.eros.turpis@egestasnuncsed.co.uk','Vanna Hudson','16270205 0119','2019-04-10 13:45:05');
INSERT INTO Propietarios (correo,nombre,telefonoDeContacto,fechaDeAsociacion) VALUES ('penatibus@ligula.ca','Jelani Bowers','16531128 0522','2018-10-16 20:51:08');
INSERT INTO Propietarios (correo,nombre,telefonoDeContacto,fechaDeAsociacion) VALUES ('sapien@pedeac.net','Taylor Leblanc','16900826 7081','2018-05-16 02:59:35');
INSERT INTO Propietarios (correo,nombre,telefonoDeContacto,fechaDeAsociacion) VALUES ('vel@augue.com','Zenia Cote','16080214 2802','2018-06-29 03:03:13');
INSERT INTO Propietarios (correo,nombre,telefonoDeContacto,fechaDeAsociacion) VALUES ('montes@vitae.com','Phyllis Lott','16620123 8018','2018-11-26 05:32:47');
INSERT INTO Propietarios (correo,nombre,telefonoDeContacto,fechaDeAsociacion) VALUES ('dapibus@parturient.com','Candace Hale','16750826 6298',TO_DATE('YYYY-MM-DD','2019-04-10'));
*/

---Poblar Departamentos
INSERT INTO  Departamentos  ( ID , nombre , descripcion ) VALUES (1,'Seguridad','Sed eu nibh');
INSERT INTO  Departamentos  ( ID , nombre , descripcion ) VALUES (2,'Atención Usuarios','nibh vulputate');
INSERT INTO  Departamentos  ( ID , nombre , descripcion ) VALUES (3,'Pagos','commodo auctor velit. Aliquam nisl. Nulla');
INSERT INTO  Departamentos  ( ID , nombre , descripcion ) VALUES (4,'Logistica','lacus pede sagittis augue, eu tempor');
INSERT INTO  Departamentos  ( ID , nombre , descripcion ) VALUES (5,'Aseo','sapien. Cras dolor dolor, tempus non,');
INSERT INTO  Departamentos  ( ID , nombre , descripcion ) VALUES (6,'Restauración','lacus. Mauris non dui nec urna suscipit nonummy.');

--- Poblar Empleados 
insert into Empleados (ID, nombres, apellidos, telefono, cargo, departamento) values (1, 'Darbee', 'Stables', 3914989, 'administrador', 6);
insert into Empleados (ID, nombres, apellidos, telefono, cargo, departamento) values (2, 'Trev', 'Seyfart', 1768259, 'guia', 5);
insert into Empleados (ID, nombres, apellidos, telefono, cargo, departamento) values (3, 'Rennie', 'Chaffe', null, 'gerente', 4);
insert into Empleados (ID, nombres, apellidos, telefono, cargo, departamento) values (4, 'Marta', 'Byard', null, 'limpieza', 4);
insert into Empleados (ID, nombres, apellidos, telefono, cargo, departamento) values (5, 'Janetta', 'Ipsley', 5816998, 'Experto en artefactos', 3);
insert into Empleados (ID, nombres, apellidos, telefono, cargo, departamento) values (6, 'Curr', 'Scini', null, 'gerente', 1);
insert into Empleados (ID, nombres, apellidos, telefono, cargo, departamento) values (7, 'Ellynn', 'Bosche', null, 'gerente', 6);
insert into Empleados (ID, nombres, apellidos, telefono, cargo, departamento) values (8, 'Hobie', 'Hamel', 2051372, 'administrador', 4);
insert into Empleados (ID, nombres, apellidos, telefono, cargo, departamento) values (9, 'Tommie', 'Ratter', 2684938, 'guia', 5);
insert into Empleados (ID, nombres, apellidos, telefono, cargo, departamento) values (10, 'Vladimir', 'Shelford', null, 'administrador', 2);
insert into Empleados (ID, nombres, apellidos, telefono, cargo, departamento) values (11, 'Mortimer', 'Nisby', 7907886, 'Experto en artefactos', 3);
insert into Empleados (ID, nombres, apellidos, telefono, cargo, departamento) values (12, 'Reiko', 'Colegrove', 2241095, 'guardia', 2);
insert into Empleados (ID, nombres, apellidos, telefono, cargo, departamento) values (13, 'Leann', 'Siemandl', 9883852, 'guardia', 2);
insert into Empleados (ID, nombres, apellidos, telefono, cargo, departamento) values (14, 'Rici', 'Borrow', 7303579, 'guardia', 6);
insert into Empleados (ID, nombres, apellidos, telefono, cargo, departamento) values (15, 'Hugh', 'Nockolds', 1577163, 'guia', 2);
insert into Empleados (ID, nombres, apellidos, telefono, cargo, departamento) values (16, 'Helen-elizabeth', 'Woodroff', 9902160, 'gerente', 2);
insert into Empleados (ID, nombres, apellidos, telefono, cargo, departamento) values (17, 'Greg', 'Mesnard', null, 'administrador', 2);
insert into Empleados (ID, nombres, apellidos, telefono, cargo, departamento) values (18, 'Sari', 'Geraud', null, 'administrador', 2);
insert into Empleados (ID, nombres, apellidos, telefono, cargo, departamento) values (19, 'Adrianna', 'Wyllis', 4126314, 'guardia', 5);
insert into Empleados (ID, nombres, apellidos, telefono, cargo, departamento) values (20, 'Ailsun', 'Menham', 4266990, 'limpieza', 2);
insert into Empleados (ID, nombres, apellidos, telefono, cargo, departamento) values (21, 'Ardis', 'Canadas', null, 'Experto en artefactos', 5);
insert into Empleados (ID, nombres, apellidos, telefono, cargo, departamento) values (22, 'Calhoun', 'Trevan', 3666186, 'Experto en artefactos', 3);
insert into Empleados (ID, nombres, apellidos, telefono, cargo, departamento) values (23, 'Joya', 'Hyndley', 1192443, 'guia', 3);
insert into Empleados (ID, nombres, apellidos, telefono, cargo, departamento) values (24, 'Egor', 'Bretton', 8629231, 'guia', 4);
insert into Empleados (ID, nombres, apellidos, telefono, cargo, departamento) values (25, 'Sigvard', 'Freddi', null, 'guia', 3);
insert into Empleados (ID, nombres, apellidos, telefono, cargo, departamento) values (26, 'Urbain', 'Bohike', 8022703, 'Experto en artefactos', 1);
insert into Empleados (ID, nombres, apellidos, telefono, cargo, departamento) values (27, 'Marina', 'Wortley', null, 'guardia', 5);
insert into Empleados (ID, nombres, apellidos, telefono, cargo, departamento) values (28, 'Mirilla', 'Chatteris', null, 'guardia', 4);
insert into Empleados (ID, nombres, apellidos, telefono, cargo, departamento) values (29, 'Zuzana', 'Tennant', 8612548, 'guia', 3);
insert into Empleados (ID, nombres, apellidos, telefono, cargo, departamento) values (30, 'Torrance', 'Mucillo', 6372811, 'limpieza', 4);
insert into Empleados (ID, nombres, apellidos, telefono, cargo, departamento) values (31, 'Electra', 'Norsworthy', 6578684, 'guia', 1);
insert into Empleados (ID, nombres, apellidos, telefono, cargo, departamento) values (32, 'Sanders', 'Cregin', 6016296, 'guardia', 4);
insert into Empleados (ID, nombres, apellidos, telefono, cargo, departamento) values (33, 'West', 'Hearns', 8548601, 'Experto en artefactos', 3);
insert into Empleados (ID, nombres, apellidos, telefono, cargo, departamento) values (34, 'Ealasaid', 'Nend', 4523425, 'gerente', 3);
insert into Empleados (ID, nombres, apellidos, telefono, cargo, departamento) values (35, 'Tiler', 'Servant', 7495205, 'guardia', 4);
insert into Empleados (ID, nombres, apellidos, telefono, cargo, departamento) values (36, 'Morty', 'Gibbens', null, 'Experto en artefactos', 5);
insert into Empleados (ID, nombres, apellidos, telefono, cargo, departamento) values (37, 'Rozanna', 'Meale', 1048977, 'administrador', 1);
insert into Empleados (ID, nombres, apellidos, telefono, cargo, departamento) values (38, 'Tate', 'Alfwy', 9600830, 'guia', 6);
insert into Empleados (ID, nombres, apellidos, telefono, cargo, departamento) values (39, 'Constancy', 'Coogan', 1626852, 'limpieza', 4);
insert into Empleados (ID, nombres, apellidos, telefono, cargo, departamento) values (40, 'Kordula', 'Varley', 9633856, 'gerente', 6);
insert into Empleados (ID, nombres, apellidos, telefono, cargo, departamento) values (41, 'Phaedra', 'Phillp', 8726259, 'guia', 4);
insert into Empleados (ID, nombres, apellidos, telefono, cargo, departamento) values (42, 'Idell', 'Fordham', 5690333, 'Experto en artefactos', 4);
insert into Empleados (ID, nombres, apellidos, telefono, cargo, departamento) values (43, 'Carlie', 'Wigmore', 4714976, 'guardia', 5);
insert into Empleados (ID, nombres, apellidos, telefono, cargo, departamento) values (44, 'Anson', 'Hayler', null, 'Experto en artefactos', 3);
insert into Empleados (ID, nombres, apellidos, telefono, cargo, departamento) values (45, 'Marabel', 'Roofe', 8628156, 'gerente', 2);
insert into Empleados (ID, nombres, apellidos, telefono, cargo, departamento) values (46, 'Jamill', 'Hoggan', null, 'administrador', 6);
insert into Empleados (ID, nombres, apellidos, telefono, cargo, departamento) values (47, 'Elmer', 'Yewman', 3368454, 'limpieza', 2);
insert into Empleados (ID, nombres, apellidos, telefono, cargo, departamento) values (48, 'Tatum', 'Gotmann', 5834488, 'limpieza', 2);
insert into Empleados (ID, nombres, apellidos, telefono, cargo, departamento) values (49, 'Dulcinea', 'Barke', 8625239, 'Experto en artefactos', 1);
insert into Empleados (ID, nombres, apellidos, telefono, cargo, departamento) values (50, 'Ailis', 'McLarty', 4373234, 'administrador', 5);
insert into Empleados (ID, nombres, apellidos, telefono, cargo, departamento) values (51, 'Ferrell', 'Beever', 3188309, 'guardia', 6);
insert into Empleados (ID, nombres, apellidos, telefono, cargo, departamento) values (52, 'Julianna', 'Cabell', 6266249, 'limpieza', 4);
insert into Empleados (ID, nombres, apellidos, telefono, cargo, departamento) values (53, 'Margette', 'Weinmann', 8649008, 'administrador', 6);
insert into Empleados (ID, nombres, apellidos, telefono, cargo, departamento) values (54, 'Ellissa', 'Bush', null, 'guia', 5);
insert into Empleados (ID, nombres, apellidos, telefono, cargo, departamento) values (55, 'Gideon', 'Jentzsch', 2064568, 'limpieza', 1);
insert into Empleados (ID, nombres, apellidos, telefono, cargo, departamento) values (56, 'Adena', 'Kubicek', 4580561, 'Experto en artefactos', 6);
insert into Empleados (ID, nombres, apellidos, telefono, cargo, departamento) values (57, 'Tracy', 'Teggin', 3296850, 'limpieza', 6);
insert into Empleados (ID, nombres, apellidos, telefono, cargo, departamento) values (58, 'Torey', 'Lockyer', 6569067, 'guardia', 1);
insert into Empleados (ID, nombres, apellidos, telefono, cargo, departamento) values (59, 'Amalia', 'Giovannacci', 7518783, 'Experto en artefactos', 3);
insert into Empleados (ID, nombres, apellidos, telefono, cargo, departamento) values (60, 'Ashlan', 'Larver', 1008586, 'limpieza', 6);
insert into Empleados (ID, nombres, apellidos, telefono, cargo, departamento) values (61, 'Banky', 'Carabine', null, 'guardia', 6);
insert into Empleados (ID, nombres, apellidos, telefono, cargo, departamento) values (62, 'Lindi', 'Roos', 4547531, 'guia', 5);
insert into Empleados (ID, nombres, apellidos, telefono, cargo, departamento) values (63, 'Conny', 'Wrankling', 9409926, 'administrador', 1);
insert into Empleados (ID, nombres, apellidos, telefono, cargo, departamento) values (64, 'Alexandrina', 'McKean', null, 'guia', 4);
insert into Empleados (ID, nombres, apellidos, telefono, cargo, departamento) values (65, 'Sherm', 'Brignall', 2873157, 'gerente', 5);
insert into Empleados (ID, nombres, apellidos, telefono, cargo, departamento) values (66, 'Lorne', 'Biaggetti', 9465517, 'gerente', 1);
insert into Empleados (ID, nombres, apellidos, telefono, cargo, departamento) values (67, 'Damiano', 'Kivell', 5570039, 'guia', 4);
insert into Empleados (ID, nombres, apellidos, telefono, cargo, departamento) values (68, 'Nikita', 'Allwright', 3733230, 'limpieza', 2);
insert into Empleados (ID, nombres, apellidos, telefono, cargo, departamento) values (69, 'Malinda', 'Layhe', 1041263, 'gerente', 1);
insert into Empleados (ID, nombres, apellidos, telefono, cargo, departamento) values (70, 'Starr', 'Ecclestone', 5785334, 'Experto en artefactos', 1);
insert into Empleados (ID, nombres, apellidos, telefono, cargo, departamento) values (71, 'Shirlee', 'Jumont', 6701983, 'Experto en artefactos', 5);
insert into Empleados (ID, nombres, apellidos, telefono, cargo, departamento) values (72, 'Anne', 'Sterry', 5254119, 'guia', 2);
insert into Empleados (ID, nombres, apellidos, telefono, cargo, departamento) values (73, 'Carmel', 'Westwater', 7092575, 'gerente', 6);
insert into Empleados (ID, nombres, apellidos, telefono, cargo, departamento) values (74, 'Flossy', 'Chandler', 7509742, 'guardia', 5);
insert into Empleados (ID, nombres, apellidos, telefono, cargo, departamento) values (75, 'Barbie', 'McCaster', 5452154, 'guia', 2);
insert into Empleados (ID, nombres, apellidos, telefono, cargo, departamento) values (76, 'Letti', 'Shimwall', 2246611, 'guardia', 3);
insert into Empleados (ID, nombres, apellidos, telefono, cargo, departamento) values (77, 'Jamie', 'Nigh', 4095473, 'Experto en artefactos', 3);
insert into Empleados (ID, nombres, apellidos, telefono, cargo, departamento) values (78, 'Gregorius', 'Dungay', 5967427, 'guardia', 2);
insert into Empleados (ID, nombres, apellidos, telefono, cargo, departamento) values (79, 'Corey', 'Blaes', null, 'guia', 4);
insert into Empleados (ID, nombres, apellidos, telefono, cargo, departamento) values (80, 'Clemens', 'Mizzi', 5985154, 'administrador', 2);
insert into Empleados (ID, nombres, apellidos, telefono, cargo, departamento) values (81, 'Gualterio', 'Grishinov', 7686010, 'Experto en artefactos', 2);
insert into Empleados (ID, nombres, apellidos, telefono, cargo, departamento) values (82, 'Lyndsey', 'Kroin', 4003736, 'guardia', 6);
insert into Empleados (ID, nombres, apellidos, telefono, cargo, departamento) values (83, 'Eric', 'Rainford', 1882688, 'gerente', 3);
insert into Empleados (ID, nombres, apellidos, telefono, cargo, departamento) values (84, 'Kliment', 'Costy', null, 'Experto en artefactos', 6);
insert into Empleados (ID, nombres, apellidos, telefono, cargo, departamento) values (85, 'Dollie', 'Syncke', null, 'guardia', 4);
insert into Empleados (ID, nombres, apellidos, telefono, cargo, departamento) values (86, 'Ange', 'Grayston', 3175817, 'guardia', 3);
insert into Empleados (ID, nombres, apellidos, telefono, cargo, departamento) values (87, 'Jeniece', 'Yakobovitz', 2852746, 'limpieza', 5);
insert into Empleados (ID, nombres, apellidos, telefono, cargo, departamento) values (88, 'Oona', 'Mayers', 2263608, 'guardia', 3);
insert into Empleados (ID, nombres, apellidos, telefono, cargo, departamento) values (89, 'Jesse', 'Brass', 5995553, 'administrador', 4);
insert into Empleados (ID, nombres, apellidos, telefono, cargo, departamento) values (90, 'Arne', 'Peasnone', 5831399, 'guia', 1);
insert into Empleados (ID, nombres, apellidos, telefono, cargo, departamento) values (91, 'Zarah', 'Ochiltree', 7991211, 'guardia', 3);
insert into Empleados (ID, nombres, apellidos, telefono, cargo, departamento) values (92, 'Ruthy', 'Lince', null, 'Experto en artefactos', 5);
insert into Empleados (ID, nombres, apellidos, telefono, cargo, departamento) values (93, 'Jone', 'Lemin', 4519264, 'Experto en artefactos', 3);
insert into Empleados (ID, nombres, apellidos, telefono, cargo, departamento) values (94, 'Carissa', 'Newey', 6094962, 'limpieza', 3);
insert into Empleados (ID, nombres, apellidos, telefono, cargo, departamento) values (95, 'Belia', 'Loch', 7265271, 'administrador', 5);
insert into Empleados (ID, nombres, apellidos, telefono, cargo, departamento) values (96, 'Ninette', 'Oglesbee', 6074463, 'administrador', 4);
insert into Empleados (ID, nombres, apellidos, telefono, cargo, departamento) values (97, 'Mikael', 'McTerry', 6671699, 'gerente', 5);
insert into Empleados (ID, nombres, apellidos, telefono, cargo, departamento) values (98, 'Kittie', 'Bridal', 8814893, 'Experto en artefactos', 4);
insert into Empleados (ID, nombres, apellidos, telefono, cargo, departamento) values (99, 'Mano', 'Cato', 1868666, 'guia', 3);
insert into Empleados (ID, nombres, apellidos, telefono, cargo, departamento) values (100, 'Lory', 'Glasgow', 8322645, 'limpieza', 3);



--- Poblar Salas
INSERT INTO Salas (ID,areaDisponible,altura) VALUES (1,862,2);
INSERT INTO Salas (ID,areaDisponible,altura) VALUES (2,493,2);
INSERT INTO Salas (ID,areaDisponible,altura) VALUES (3,125,1);
INSERT INTO Salas (ID,areaDisponible,altura) VALUES (4,511,1);
INSERT INTO Salas (ID,areaDisponible,altura) VALUES (5,147,2);
INSERT INTO Salas (ID,areaDisponible,altura) VALUES (6,615,5);
INSERT INTO Salas (ID,areaDisponible,altura) VALUES (7,828,4);
INSERT INTO Salas (ID,areaDisponible,altura) VALUES (8,281,3);
INSERT INTO Salas (ID,areaDisponible,altura) VALUES (9,878,5);
INSERT INTO Salas (ID,areaDisponible,altura) VALUES (10,139,4);
INSERT INTO Salas (ID,areaDisponible,altura) VALUES (11,339,1);
INSERT INTO Salas (ID,areaDisponible,altura) VALUES (12,656,5);
INSERT INTO Salas (ID,areaDisponible,altura) VALUES (13,655,1);
INSERT INTO Salas (ID,areaDisponible,altura) VALUES (14,601,3);
INSERT INTO Salas (ID,areaDisponible,altura) VALUES (15,820,2);
INSERT INTO Salas (ID,areaDisponible,altura) VALUES (16,126,3);
INSERT INTO Salas (ID,areaDisponible,altura) VALUES (17,41,1);
INSERT INTO Salas (ID,areaDisponible,altura) VALUES (18,338,4);
INSERT INTO Salas (ID,areaDisponible,altura) VALUES (19,698,1);
INSERT INTO Salas (ID,areaDisponible,altura) VALUES (20,635,3);
INSERT INTO Salas (ID,areaDisponible,altura) VALUES (21,647,1);
INSERT INTO Salas (ID,areaDisponible,altura) VALUES (22,560,2);
INSERT INTO Salas (ID,areaDisponible,altura) VALUES (23,155,2);
INSERT INTO Salas (ID,areaDisponible,altura) VALUES (24,491,2);
INSERT INTO Salas (ID,areaDisponible,altura) VALUES (25,681,5);
INSERT INTO Salas (ID,areaDisponible,altura) VALUES (26,72,2);
INSERT INTO Salas (ID,areaDisponible,altura) VALUES (27,316,1);
INSERT INTO Salas (ID,areaDisponible,altura) VALUES (28,730,1);
INSERT INTO Salas (ID,areaDisponible,altura) VALUES (29,436,5);
INSERT INTO Salas (ID,areaDisponible,altura) VALUES (30,284,2);
INSERT INTO Salas (ID,areaDisponible,altura) VALUES (31,786,2);
INSERT INTO Salas (ID,areaDisponible,altura) VALUES (32,94,1);
INSERT INTO Salas (ID,areaDisponible,altura) VALUES (33,395,5);
INSERT INTO Salas (ID,areaDisponible,altura) VALUES (34,562,3);
INSERT INTO Salas (ID,areaDisponible,altura) VALUES (35,151,4);
INSERT INTO Salas (ID,areaDisponible,altura) VALUES (36,91,5);
INSERT INTO Salas (ID,areaDisponible,altura) VALUES (37,517,4);
INSERT INTO Salas (ID,areaDisponible,altura) VALUES (38,518,5);
INSERT INTO Salas (ID,areaDisponible,altura) VALUES (39,603,1);
INSERT INTO Salas (ID,areaDisponible,altura) VALUES (40,674,5);
INSERT INTO Salas (ID,areaDisponible,altura) VALUES (41,995,2);
INSERT INTO Salas (ID,areaDisponible,altura) VALUES (42,191,3);
INSERT INTO Salas (ID,areaDisponible,altura) VALUES (43,172,3);
INSERT INTO Salas (ID,areaDisponible,altura) VALUES (44,316,1);
INSERT INTO Salas (ID,areaDisponible,altura) VALUES (45,173,4);
INSERT INTO Salas (ID,areaDisponible,altura) VALUES (46,500,5);
INSERT INTO Salas (ID,areaDisponible,altura) VALUES (47,457,5);
INSERT INTO Salas (ID,areaDisponible,altura) VALUES (48,152,1);
INSERT INTO Salas (ID,areaDisponible,altura) VALUES (49,617,2);
INSERT INTO Salas (ID,areaDisponible,altura) VALUES (50,421,5);
INSERT INTO Salas (ID,areaDisponible,altura) VALUES (51,591,2);
INSERT INTO Salas (ID,areaDisponible,altura) VALUES (52,274,1);
INSERT INTO Salas (ID,areaDisponible,altura) VALUES (53,146,4);
INSERT INTO Salas (ID,areaDisponible,altura) VALUES (54,310,4);
INSERT INTO Salas (ID,areaDisponible,altura) VALUES (55,254,3);
INSERT INTO Salas (ID,areaDisponible,altura) VALUES (56,678,1);
INSERT INTO Salas (ID,areaDisponible,altura) VALUES (57,126,1);
INSERT INTO Salas (ID,areaDisponible,altura) VALUES (58,226,4);
INSERT INTO Salas (ID,areaDisponible,altura) VALUES (59,791,3);
INSERT INTO Salas (ID,areaDisponible,altura) VALUES (60,573,2);
INSERT INTO Salas (ID,areaDisponible,altura) VALUES (61,146,3);
INSERT INTO Salas (ID,areaDisponible,altura) VALUES (62,149,5);
INSERT INTO Salas (ID,areaDisponible,altura) VALUES (63,619,5);
INSERT INTO Salas (ID,areaDisponible,altura) VALUES (64,546,5);
INSERT INTO Salas (ID,areaDisponible,altura) VALUES (65,527,3);
INSERT INTO Salas (ID,areaDisponible,altura) VALUES (66,147,3);
INSERT INTO Salas (ID,areaDisponible,altura) VALUES (67,133,2);
INSERT INTO Salas (ID,areaDisponible,altura) VALUES (68,256,1);
INSERT INTO Salas (ID,areaDisponible,altura) VALUES (69,998,2);
INSERT INTO Salas (ID,areaDisponible,altura) VALUES (70,756,1);
INSERT INTO Salas (ID,areaDisponible,altura) VALUES (71,850,2);
INSERT INTO Salas (ID,areaDisponible,altura) VALUES (72,712,1);
INSERT INTO Salas (ID,areaDisponible,altura) VALUES (73,446,2);
INSERT INTO Salas (ID,areaDisponible,altura) VALUES (74,571,1);
INSERT INTO Salas (ID,areaDisponible,altura) VALUES (75,833,1);
INSERT INTO Salas (ID,areaDisponible,altura) VALUES (76,437,4);
INSERT INTO Salas (ID,areaDisponible,altura) VALUES (77,817,1);
INSERT INTO Salas (ID,areaDisponible,altura) VALUES (78,441,4);
INSERT INTO Salas (ID,areaDisponible,altura) VALUES (79,174,3);
INSERT INTO Salas (ID,areaDisponible,altura) VALUES (80,952,5);
INSERT INTO Salas (ID,areaDisponible,altura) VALUES (81,569,4);
INSERT INTO Salas (ID,areaDisponible,altura) VALUES (82,399,5);
INSERT INTO Salas (ID,areaDisponible,altura) VALUES (83,704,5);
INSERT INTO Salas (ID,areaDisponible,altura) VALUES (84,279,5);
INSERT INTO Salas (ID,areaDisponible,altura) VALUES (85,262,3);
INSERT INTO Salas (ID,areaDisponible,altura) VALUES (86,665,5);
INSERT INTO Salas (ID,areaDisponible,altura) VALUES (87,938,5);
INSERT INTO Salas (ID,areaDisponible,altura) VALUES (88,334,5);
INSERT INTO Salas (ID,areaDisponible,altura) VALUES (89,760,4);
INSERT INTO Salas (ID,areaDisponible,altura) VALUES (90,144,3);
INSERT INTO Salas (ID,areaDisponible,altura) VALUES (91,324,3);
INSERT INTO Salas (ID,areaDisponible,altura) VALUES (92,35,1);
INSERT INTO Salas (ID,areaDisponible,altura) VALUES (93,422,2);
INSERT INTO Salas (ID,areaDisponible,altura) VALUES (94,119,1);
INSERT INTO Salas (ID,areaDisponible,altura) VALUES (95,987,2);
INSERT INTO Salas (ID,areaDisponible,altura) VALUES (96,412,2);
INSERT INTO Salas (ID,areaDisponible,altura) VALUES (97,311,2);
INSERT INTO Salas (ID,areaDisponible,altura) VALUES (98,587,1);
INSERT INTO Salas (ID,areaDisponible,altura) VALUES (99,957,4);

------- Poblar Planes --------
insert into Planes (nombre,descripcion, valor, prioridad) values ('General','Ingreso ilimitado al museo y sus exposiciones (exceptuando las especiales)',80000,1);
insert into Planes (nombre,descripcion, valor, prioridad) values ('Plata','Ingreso ilimitado. Descuento en exposiciones expeciales y la tienda del museo',100000,2);
insert into Planes (nombre,descripcion, valor, prioridad) values ('Oro','Ingreso total al museo.Descuentos en la tienda y restaurante del museo. Ivitaciones a exposiciones especiales antes de que salgan',120000,3);



------- Poblar Clientes--------
